title,date,time,source
Alien: Romulus in IMAX!,N/A,<module 'time' (built-in)>,Visit Chattanooga
Chickamauga Dam Lock Through Kayak Tour with Chattanooga Guided Adventures,N/A,<module 'time' (built-in)>,Visit Chattanooga
Exhibit Admission,N/A,<module 'time' (built-in)>,Visit Chattanooga
Live Music every Tuesday & Saturday at Honey Seed,N/A,<module 'time' (built-in)>,Visit Chattanooga
Mountain Bike Rental with Chattanooga Guided Adventures,N/A,<module 'time' (built-in)>,Visit Chattanooga
Nickajack Bat Cave Kayak Tour with Chattanooga Guided Adventures,N/A,<module 'time' (built-in)>,Visit Chattanooga
Night Ranger Live In Concert,N/A,<module 'time' (built-in)>,Visit Chattanooga
Ruby Falls History Exhibit: Celebrating 95 Years of Wonder!,N/A,<module 'time' (built-in)>,Visit Chattanooga
"""Home and Away""",N/A,<module 'time' (built-in)>,Visit Chattanooga
Live Music with Eric Kirkendoll,N/A,<module 'time' (built-in)>,Visit Chattanooga
Pic-O-Dixie Senior Classic,N/A,<module 'time' (built-in)>,Visit Chattanooga
Songwriters Collective,N/A,<module 'time' (built-in)>,Visit Chattanooga
Night Ranger @ Walker Theatre,N/A,<module 'time' (built-in)>,CHA Guide Events
Chattanooga Market at Erlanger,N/A,<module 'time' (built-in)>,CHA Guide Events
Jazz Futures,N/A,<module 'time' (built-in)>,CHA Guide Events
Gentle Walking Tour (Ruby Falls),N/A,<module 'time' (built-in)>,CHA Guide Events
The Guess Who in Chattanooga,N/A,<module 'time' (built-in)>,CHA Guide Events
Nightfall 2024,N/A,<module 'time' (built-in)>,CHA Guide Events
EVENING RIDGE RUNNER,N/A,<module 'time' (built-in)>,CHA Guide Events
THE HOMEFRONT TEA ROOM,N/A,<module 'time' (built-in)>,CHA Guide Events
Mold! / Briteboy / The Ego Museum - Live at Yellow Racket!,N/A,<module 'time' (built-in)>,CHA Guide Events
Nightlife: Aquarium After-Hours,N/A,<module 'time' (built-in)>,CHA Guide Events
Patrick Sweany @ Songbirds,N/A,<module 'time' (built-in)>,CHA Guide Events
Chattanooga River Market,N/A,<module 'time' (built-in)>,CHA Guide Events
Chickamauga Turn,N/A,<module 'time' (built-in)>,CHA Guide Events
Riverfront Nights,N/A,<module 'time' (built-in)>,CHA Guide Events
EVENING RIDGE RUNNER,N/A,<module 'time' (built-in)>,CHA Guide Events
Nate Jackson @ Walker Theatre,N/A,<module 'time' (built-in)>,CHA Guide Events
Chocolate Festival,N/A,<module 'time' (built-in)>,CHA Guide Events
THE HOMEFRONT TEA ROOM,N/A,<module 'time' (built-in)>,CHA Guide Events
OPEN SCRIBZ OPEN MIC,N/A,<module 'time' (built-in)>,CHA Guide Events
Rail & Hops Brewers Festival,N/A,<module 'time' (built-in)>,CHA Guide Events
The Zeitgeist,N/A,<module 'time' (built-in)>,CHA Guide Events
Inaugural Watermelon Festival,N/A,<module 'time' (built-in)>,CHA Guide Events
Chocolate Festival,N/A,<module 'time' (built-in)>,CHA Guide Events
THE HOMEFRONT TEA ROOM,N/A,<module 'time' (built-in)>,CHA Guide Events
SHADES OF POETRY ARTIST TALK AND PERFORMANCE SHOWCASE,N/A,<module 'time' (built-in)>,CHA Guide Events
History Tour (Ruby Falls),N/A,<module 'time' (built-in)>,CHA Guide Events
Chattanooga Market at Erlanger,N/A,<module 'time' (built-in)>,CHA Guide Events
Ben Sollee @ Songbirds,N/A,<module 'time' (built-in)>,CHA Guide Events
Gentle Walking Tour (Ruby Falls),N/A,<module 'time' (built-in)>,CHA Guide Events
National Treasures: Party at Point Park,N/A,<module 'time' (built-in)>,CHA Guide Events
Nightfall 2024,N/A,<module 'time' (built-in)>,CHA Guide Events
EVENING RIDGE RUNNER,N/A,<module 'time' (built-in)>,CHA Guide Events
THE HOMEFRONT TEA ROOM,N/A,<module 'time' (built-in)>,CHA Guide Events
Yoga On The Bluff,N/A,<module 'time' (built-in)>,CHA Guide Events
Chattanooga River Market,N/A,<module 'time' (built-in)>,CHA Guide Events
Chickamauga Turn,N/A,<module 'time' (built-in)>,CHA Guide Events
Riverfront Nights,N/A,<module 'time' (built-in)>,CHA Guide Events
EVENING RIDGE RUNNER,N/A,<module 'time' (built-in)>,CHA Guide Events
Battle of the Food Trucks Festival,N/A,<module 'time' (built-in)>,CHA Guide Events
The Grand Market,N/A,<module 'time' (built-in)>,CHA Guide Events
Open Gate Day,N/A,<module 'time' (built-in)>,CHA Guide Events
THE HOMEFRONT TEA ROOM,N/A,<module 'time' (built-in)>,CHA Guide Events
Open Gate Day,N/A,<module 'time' (built-in)>,CHA Guide Events
Labor Day Brunch at Whitebird/The Edwin Hotel,N/A,<module 'time' (built-in)>,CHA Guide Events
History Tour (Ruby Falls),N/A,<module 'time' (built-in)>,CHA Guide Events
Chattanooga Market at Erlanger,N/A,<module 'time' (built-in)>,CHA Guide Events
Candlelight: Tribute to Beyoncé,N/A,<module 'time' (built-in)>,CHA Guide Events
Gentle Walking Tour (Ruby Falls),N/A,<module 'time' (built-in)>,CHA Guide Events
Daniel Champagne @ Songbirds,N/A,<module 'time' (built-in)>,CHA Guide Events
THE HOMEFRONT TEA ROOM,N/A,<module 'time' (built-in)>,CHA Guide Events
Citizens @ Songbirds,N/A,<module 'time' (built-in)>,CHA Guide Events
Chattanooga River Market,N/A,<module 'time' (built-in)>,CHA Guide Events
Chickamauga Turn,N/A,<module 'time' (built-in)>,CHA Guide Events
EVENING RIDGE RUNNER,N/A,<module 'time' (built-in)>,CHA Guide Events
BEND & BOOCH ( YOGA X KOMBUCHA),N/A,<module 'time' (built-in)>,CHA Guide Events
THE HOMEFRONT TEA ROOM,N/A,<module 'time' (built-in)>,CHA Guide Events
Fall Market at the Greenway,N/A,<module 'time' (built-in)>,CHA Guide Events
Chickamauga Jeep and Music Fest,N/A,<module 'time' (built-in)>,CHA Guide Events
Open Gate Day,N/A,<module 'time' (built-in)>,CHA Guide Events
Open Gate Day,N/A,<module 'time' (built-in)>,CHA Guide Events
Surviving & Thriving 2024- EXHIBITORS,N/A,<module 'time' (built-in)>,CHA Guide Events
THE HOMEFRONT TEA ROOM,N/A,<module 'time' (built-in)>,CHA Guide Events
Grandparents' Day @ CDM,N/A,<module 'time' (built-in)>,CHA Guide Events
Alison Brown @ Songbirds,N/A,<module 'time' (built-in)>,CHA Guide Events
History Tour (Ruby Falls),N/A,<module 'time' (built-in)>,CHA Guide Events
Chattanooga Market at Erlanger,N/A,<module 'time' (built-in)>,CHA Guide Events
Gentle Walking Tour (Ruby Falls),N/A,<module 'time' (built-in)>,CHA Guide Events
THE HOMEFRONT TEA ROOM,N/A,<module 'time' (built-in)>,CHA Guide Events
Southern Drawl — Music + Food Series @ Songbirds,N/A,<module 'time' (built-in)>,CHA Guide Events
"Mali Velasquez, Bloomsday",N/A,<module 'time' (built-in)>,CHA Guide Events
Chattanooga River Market,N/A,<module 'time' (built-in)>,CHA Guide Events
THE HOMEFRONT TEA ROOM,N/A,<module 'time' (built-in)>,CHA Guide Events
Andy McKee with Trevor Gordon Hall @ Songbirds,N/A,<module 'time' (built-in)>,CHA Guide Events
Paddle for PanCAN 2024,N/A,<module 'time' (built-in)>,CHA Guide Events
THE HOMEFRONT TEA ROOM,N/A,<module 'time' (built-in)>,CHA Guide Events
History Tour (Ruby Falls),N/A,<module 'time' (built-in)>,CHA Guide Events
Chattanooga Market at Erlanger,N/A,<module 'time' (built-in)>,CHA Guide Events
Gentle Walking Tour (Ruby Falls),N/A,<module 'time' (built-in)>,CHA Guide Events
THE HOMEFRONT TEA ROOM,N/A,<module 'time' (built-in)>,CHA Guide Events
Chattanooga River Market,N/A,<module 'time' (built-in)>,CHA Guide Events
Joggers & Lagers,N/A,N/A,Chattanooga Pulse
Paths to Pints along the Riverwalk,N/A,N/A,Chattanooga Pulse
Danimal And Friends,N/A,N/A,Chattanooga Pulse
Introduction to Calm Abiding Meditation,N/A,N/A,Chattanooga Pulse
Bat Cave Kayak Tour with Chattanooga Guided Adventures,N/A,N/A,Chattanooga Pulse
Alien: Romulus in IMAX!,N/A,N/A,Chattanooga Pulse
Chickamauga Dam Lock Kayak Tour,N/A,N/A,Chattanooga Pulse
Chickamauga Dam Lock Kayak Tour,N/A,N/A,Chattanooga Pulse
Main Street Farmers Market,N/A,N/A,Chattanooga Pulse
Live Music with Eric Kirkendoll,N/A,N/A,Chattanooga Pulse
Fleet Feet x Oddstory Pub Run,N/A,N/A,Chattanooga Pulse
Board Game Night,N/A,N/A,Chattanooga Pulse
Bat Cave Kayak Tour with Chattanooga Guided Adventures,N/A,N/A,Chattanooga Pulse
Josey Clay,N/A,N/A,Chattanooga Pulse
Alien: Romulus in IMAX!,N/A,N/A,Chattanooga Pulse
Chickamauga Dam Lock Kayak Tour,N/A,N/A,Chattanooga Pulse
Ooltewah Farmers Market,N/A,N/A,Chattanooga Pulse
Make & Take: Natural Skincare,N/A,N/A,Chattanooga Pulse
Make & Take: Natural Skincare,N/A,N/A,Chattanooga Pulse
Thursday Night Music with Zech Dallas,N/A,N/A,Chattanooga Pulse
Full Steam Ahead Eastgate,N/A,N/A,Chatt Library
STEAM-Powered Fun Eastgate,N/A,N/A,Chatt Library
Teen Volunteer Orientation,N/A,N/A,Chatt Library
Toddler Time at Northgate Wednesday 10am,N/A,N/A,Chatt Library
Toddler Time at Eastgate Wednesday 10am,N/A,N/A,Chatt Library
Outdoor Storytime with South Chatt,N/A,N/A,Chatt Library
Preschool Storytime at Downtown Wednesdays 10am,N/A,N/A,Chatt Library
Computer Literacy Workshops,N/A,N/A,Chatt Library
Toddler Time at Northgate Wednesday 11am,N/A,N/A,Chatt Library
Meet the Branches South Chatt Party!,N/A,N/A,Chatt Library
STEAM-Powered Fun Avondale,N/A,N/A,Chatt Library
STEAM-Powered Fun Northgate,N/A,N/A,Chatt Library
"Baby Bounce at Downtown Monday, Thursday and Saturday 10am",N/A,N/A,Chatt Library
Baby Bounce at Northgate Thursdays 10am,N/A,N/A,Chatt Library
Family Storytime Eastgate,N/A,N/A,Chatt Library
Ribbon Cutting for Acme Fusion Cafe,N/A,N/A,Chattanooga Chamber
Downtown Council,N/A,N/A,Chattanooga Chamber
Ooltewah/Collegedale Council Coffee,N/A,N/A,Chattanooga Chamber
Tropical Smoothie Cafe,N/A,N/A,Chattanooga Chamber
East Ridge Council Meeting,N/A,N/A,Chattanooga Chamber
Franchise Tax Lunch and Learn,N/A,N/A,Chattanooga Chamber
Member Orientation,N/A,N/A,Chattanooga Chamber
AM Networking | America's Home Place,N/A,N/A,Chattanooga Chamber
South Chattanooga Council Meeting,N/A,N/A,Chattanooga Chamber
Ribbon Cutting for (Be)Caffeinated,N/A,N/A,Chattanooga Chamber
North Chattanooga Council Meeting,N/A,N/A,Chattanooga Chamber
Ribbon Cutting for Days Inn Lookout Mountain West,N/A,N/A,Chattanooga Chamber
YPC + After Hours: Fifty Fifty Wine and Martini Bar,N/A,N/A,Chattanooga Chamber
Hixson Council Coffee,N/A,N/A,Chattanooga Chamber
Enterprise/Gateway Council Coffee and Connections,N/A,N/A,Chattanooga Chamber
East Ridge Council Coffee,N/A,N/A,Chattanooga Chamber
Ribbon Cutting for NoogaLights,N/A,N/A,Chattanooga Chamber
MidTown Council Meeting,N/A,N/A,Chattanooga Chamber
North Hamilton County Council - Cancelled,N/A,N/A,Chattanooga Chamber
Business After Hours | Big Chicken,N/A,N/A,Chattanooga Chamber
East Brainerd Council Meeting,N/A,N/A,Chattanooga Chamber
Ooltewah/Collegedale Council Meeting,N/A,N/A,Chattanooga Chamber
Enterprise/Gateway Council Meeting,N/A,N/A,Chattanooga Chamber
East Brainerd Council Coffee,N/A,N/A,Chattanooga Chamber
Hixson Council Meeting,N/A,N/A,Chattanooga Chamber
Ribbon Cutting for Malone's/Harry's,N/A,N/A,Chattanooga Chamber
Community Career & Eats - Job Fair,N/A,N/A,Chattanooga Chamber
Ribbon Cutting for Big Mattress Outlet,N/A,N/A,Chattanooga Chamber
"Ribbon Cutting for Warren & Griffin, P.C.",N/A,N/A,Chattanooga Chamber
Member Orientation,N/A,N/A,Chattanooga Chamber
Business After Hours | Element Chattanooga East,N/A,N/A,Chattanooga Chamber
Downtown Council,N/A,N/A,Chattanooga Chamber
Ooltewah/Collegedale Council Coffee,N/A,N/A,Chattanooga Chamber
North Side Business Council Meeting,N/A,N/A,Chattanooga Chamber
College and Career Fair- 2024,N/A,N/A,Chattanooga Chamber
East Ridge Council Meeting,N/A,N/A,Chattanooga Chamber
Nightfall 2024,N/A,<module 'time' (built-in)>,CHA Guide Things To Do
Riverfront Nights,N/A,<module 'time' (built-in)>,CHA Guide Things To Do
OPEN SCRIBZ OPEN MIC,N/A,<module 'time' (built-in)>,CHA Guide Things To Do
Rail & Hops Brewers Festival,N/A,<module 'time' (built-in)>,CHA Guide Things To Do
SHADES OF POETRY ARTIST TALK AND PERFORMANCE SHOWCASE,N/A,<module 'time' (built-in)>,CHA Guide Things To Do
